{
    "name": "router",
    "version": "0.0.3",
    "title": "Circuit-controlled routers",
    "author": "bitwiseshiftleft",
    "factorio_version": "1.1",
    "homepage": "https://github.com/bitwiseshiftleft/factorio-router/",
    "description": "Circuit controlled 4-way belt routers",
    "dependencies": [
      "? boblogistics >= 1.1.0",
      "? FactorioExtended-Plus-Transport >= 0.1.5",
      "? space-exploration >= 0.6.100",
      "? Krastorio2 >= 1.3.0",
      "? UltimateBelts >= 1.1.1",
      "? UltimateBelts_Owoshima_And_Pankeko-Mod >= 1.1.0",
      "? PickerDollies >= 1.2.0",
      "? Dectorio >= 0.12"
    ]
  }
