{
    "name": "router",
    "version": "0.1.2",
    "title": "Circuit-Controlled Routers",
    "author": "bitwiseshiftleft",
    "factorio_version": "1.1",
    "homepage": "https://github.com/bitwiseshiftleft/factorio-router/",
    "description": "Circuit-controlled logistic router network",
    "dependencies": [
      "? boblogistics >= 1.1.0",
      "? space-exploration >= 0.6.100",
      "? IndustrialRevolution3 >= 3.0",
      "? SeaBlockMetaPack >= 1.1",
      "? Krastorio2 >= 1.3.0",
      "? DeadlockBlackRubberBelts >= 1.0",
      "? PickerDollies >= 1.2.0",
      "? Dectorio >= 0.12"
    ]
  }
